path_chain,count
/contact -> /services -> /faq -> /contact,2
/contact -> /faq -> /faq,2
/contact -> /products -> /blog,2
/contact -> /products -> /services,2
/services -> /home -> /services,2
/contact -> /services -> /blog,2
/contact -> /home -> /about,2
/products -> /products -> /about -> /contact,2
/contact -> /products -> /home -> /contact -> /contact -> /products,1
/blog -> /services -> /products -> /contact -> /blog,1
/faq -> /contact -> /contact -> /about -> /blog,1
/blog -> /services -> /contact -> /home,1
/products -> /products -> /about -> /faq -> /home -> /home,1
/about -> /contact -> /blog,1
/contact -> /products -> /faq -> /blog -> /faq -> /services,1
/products -> /products -> /contact -> /products -> /contact -> /contact,1
/services -> /home -> /contact -> /about,1
/faq -> /faq -> /services,1
/products -> /blog -> /home -> /contact -> /about,1
/faq -> /home -> /products -> /services,1
/about -> /services -> /contact -> /about -> /faq -> /services,1
/products -> /products -> /contact -> /blog -> /products,1
/about -> /blog -> /about -> /about -> /products,1
/home -> /blog -> /about -> /about -> /blog -> /home,1
/blog -> /blog -> /contact -> /blog,1
/contact -> /faq -> /faq -> /contact,1
/products -> /blog -> /about -> /faq -> /products -> /home -> /home,1
/about -> /contact -> /contact -> /products -> /blog,1
/products -> /contact -> /about -> /faq,1
/blog -> /home -> /products,1
/faq -> /products -> /faq -> /blog,1
/contact -> /services -> /products,1
/products -> /products -> /faq -> /faq -> /home -> /products -> /contact,1
/blog -> /faq -> /contact -> /about -> /about -> /about,1
/services -> /blog -> /contact -> /faq,1
/faq -> /faq -> /blog -> /services,1
/faq -> /home -> /contact,1
/contact -> /faq -> /faq -> /home -> /about -> /home -> /contact,1
/services -> /products -> /faq -> /blog -> /about -> /blog,1
/about -> /faq -> /about,1
/home -> /products -> /blog -> /about -> /contact -> /home,1
/home -> /services -> /services -> /about -> /about,1
/blog -> /services -> /home -> /products -> /products -> /about,1
/blog -> /faq -> /services -> /faq -> /blog -> /contact,1
/blog -> /contact -> /services -> /blog -> /blog -> /home -> /faq,1
/products -> /contact -> /services -> /home,1
/about -> /blog -> /services,1
/faq -> /blog -> /blog,1
/blog -> /products -> /contact -> /about -> /home -> /about,1
/services -> /products -> /products -> /services -> /blog -> /blog -> /blog,1
/blog -> /about -> /products -> /faq,1
/home -> /products -> /about -> /faq -> /faq -> /home,1
/contact -> /services -> /faq -> /services -> /services -> /home -> /services,1
/faq -> /about -> /contact -> /contact -> /services -> /services -> /blog,1
/faq -> /faq -> /home -> /products -> /home,1
/about -> /home -> /home,1
/products -> /blog -> /faq,1
/home -> /services -> /about -> /products,1
/faq -> /about -> /blog -> /faq,1
/blog -> /home -> /about,1
/products -> /blog -> /blog -> /faq,1
/blog -> /about -> /home -> /about,1
/blog -> /services -> /products -> /products -> /contact,1
/blog -> /contact -> /about -> /products,1
/home -> /blog -> /home -> /about,1
/services -> /home -> /contact,1
/about -> /faq -> /faq -> /blog -> /contact -> /contact -> /home,1
/services -> /about -> /services -> /faq -> /products,1
/contact -> /products -> /products -> /services -> /about,1
/home -> /services -> /blog -> /about -> /blog,1
/blog -> /about -> /services -> /home,1
/services -> /blog -> /products -> /contact -> /faq -> /about -> /home,1
/home -> /services -> /services -> /contact -> /blog -> /faq,1
/faq -> /products -> /home -> /contact -> /services,1
/faq -> /contact -> /blog -> /home -> /blog,1
/services -> /blog -> /faq -> /about -> /services,1
/faq -> /about -> /about -> /contact,1
/home -> /services -> /services -> /services -> /faq,1
/blog -> /faq -> /faq -> /home -> /services -> /blog -> /contact,1
/products -> /faq -> /about -> /home,1
/blog -> /services -> /home -> /about -> /home,1
/faq -> /faq -> /about -> /about -> /home -> /contact -> /products,1
/home -> /products -> /faq -> /home -> /contact -> /about,1
/products -> /services -> /products -> /contact,1
/products -> /services -> /services -> /about -> /home -> /blog,1
/products -> /services -> /contact -> /blog,1
/home -> /services -> /about -> /blog,1
/services -> /products -> /about,1
/about -> /home -> /blog,1
/services -> /services -> /services -> /about,1
/faq -> /products -> /contact,1
/faq -> /blog -> /about -> /home,1
/about -> /home -> /contact,1
/contact -> /products -> /products -> /contact,1
/about -> /contact -> /about -> /about -> /services -> /blog,1
/services -> /products -> /products -> /faq -> /contact -> /about -> /about,1
/products -> /blog -> /blog -> /contact -> /faq -> /about -> /about,1
/contact -> /home -> /blog -> /contact -> /products,1
/contact -> /about -> /products -> /blog -> /blog -> /products,1
/faq -> /home -> /products -> /faq -> /faq -> /blog -> /contact,1
/services -> /home -> /services -> /blog -> /services,1
/faq -> /blog -> /contact -> /services -> /home -> /blog,1
/services -> /products -> /about -> /products -> /services -> /contact -> /products,1
/blog -> /faq -> /contact -> /about -> /faq -> /faq -> /about,1
/services -> /blog -> /products,1
/about -> /services -> /contact -> /blog -> /blog -> /home -> /faq,1
/blog -> /home -> /contact -> /services,1
/services -> /products -> /contact -> /products,1
/services -> /faq -> /contact -> /about -> /about -> /blog,1
/blog -> /contact -> /about -> /blog,1
/blog -> /contact -> /faq -> /services -> /contact -> /contact -> /products,1
/services -> /blog -> /services -> /services -> /about,1
/contact -> /products -> /about -> /blog -> /faq -> /faq,1
/faq -> /services -> /contact -> /services -> /home -> /services,1
/about -> /services -> /faq -> /services -> /home -> /home -> /home,1
/blog -> /home -> /home -> /services -> /products -> /faq -> /home,1
/faq -> /home -> /products,1
/products -> /products -> /faq -> /home -> /home,1
/contact -> /about -> /about -> /contact,1
/contact -> /contact -> /services -> /about -> /products,1
/products -> /products -> /blog -> /products -> /contact -> /blog,1
/blog -> /services -> /contact,1
/contact -> /contact -> /contact -> /blog,1
/home -> /services -> /contact -> /blog -> /services,1
/home -> /faq -> /contact -> /products -> /services -> /home,1
/faq -> /products -> /blog,1
/contact -> /home -> /blog -> /about -> /faq,1
/home -> /contact -> /about -> /home -> /home -> /contact,1
/about -> /faq -> /about -> /services,1
/faq -> /products -> /faq -> /services -> /contact -> /products,1
/services -> /faq -> /products -> /about -> /about,1
/products -> /home -> /about -> /about -> /faq,1
/home -> /products -> /contact -> /products,1
/products -> /blog -> /contact -> /products -> /home -> /contact,1
/products -> /faq -> /services -> /about -> /faq -> /about -> /services,1
/services -> /about -> /products -> /about,1
/faq -> /faq -> /products -> /faq -> /about -> /faq,1
/products -> /blog -> /contact -> /blog,1
/blog -> /about -> /services -> /contact -> /faq -> /faq,1
/home -> /about -> /home -> /services -> /about -> /faq -> /home,1
/blog -> /services -> /products,1
/products -> /home -> /faq -> /contact,1
/contact -> /faq -> /services -> /services -> /contact -> /faq -> /home,1
/contact -> /home -> /faq -> /services -> /services -> /services -> /services,1
/home -> /home -> /services -> /blog -> /contact -> /blog,1
/products -> /faq -> /contact -> /products -> /home -> /home,1
/about -> /products -> /about -> /home -> /about -> /services,1
/faq -> /services -> /faq,1
/contact -> /services -> /about -> /contact,1
/services -> /home -> /faq -> /contact -> /home,1
/about -> /contact -> /blog -> /blog -> /about -> /products -> /blog,1
/services -> /products -> /contact -> /home -> /faq -> /blog -> /contact,1
/contact -> /contact -> /faq -> /home -> /contact,1
/contact -> /contact -> /products -> /services -> /contact -> /faq -> /products,1
/services -> /faq -> /home,1
/blog -> /services -> /services -> /faq -> /products,1
/about -> /services -> /faq,1
/contact -> /about -> /services -> /blog -> /home -> /blog -> /about,1
/faq -> /blog -> /contact -> /faq,1
/services -> /products -> /products -> /contact -> /blog -> /faq,1
/about -> /products -> /blog -> /faq -> /services -> /faq -> /blog,1
/products -> /home -> /contact -> /home -> /products -> /services -> /contact,1
/home -> /contact -> /about -> /blog -> /about -> /contact,1
/services -> /products -> /contact -> /blog -> /about -> /about -> /blog,1
/services -> /products -> /about -> /blog -> /blog,1
/products -> /about -> /home -> /home -> /products -> /services -> /blog,1
/faq -> /products -> /home -> /services -> /about,1
/contact -> /about -> /about,1
/contact -> /about -> /contact -> /about,1
/home -> /products -> /services -> /blog -> /home -> /products,1
/about -> /products -> /about -> /contact -> /blog -> /faq -> /home,1
/about -> /about -> /contact -> /products -> /faq -> /about,1
/contact -> /products -> /about -> /faq -> /faq -> /products,1
/services -> /products -> /services -> /about,1
/blog -> /services -> /blog -> /contact,1
/faq -> /services -> /products,1
/contact -> /blog -> /contact -> /contact -> /blog -> /products,1
/home -> /home -> /about,1
/blog -> /about -> /products,1
/services -> /about -> /faq -> /about,1
/products -> /products -> /blog -> /products -> /faq -> /contact -> /contact,1
/about -> /home -> /products -> /services,1
/contact -> /contact -> /blog -> /services -> /services,1
/services -> /services -> /products -> /services -> /products -> /contact,1
/blog -> /products -> /products,1
/faq -> /services -> /services -> /blog,1
/contact -> /services -> /faq -> /faq,1
/products -> /services -> /about -> /blog -> /services -> /about -> /contact,1
/products -> /products -> /products -> /blog -> /services,1
/about -> /home -> /services -> /services,1
/blog -> /products -> /home -> /home -> /contact,1
/products -> /faq -> /about -> /faq -> /home,1
/faq -> /contact -> /blog -> /about -> /home -> /faq -> /blog,1
/home -> /contact -> /blog -> /contact -> /about -> /home,1
/services -> /about -> /contact -> /home,1
/about -> /home -> /products -> /home -> /contact -> /services -> /products,1
/products -> /contact -> /home -> /services,1
/faq -> /about -> /services -> /about -> /home -> /faq,1
/contact -> /services -> /home -> /contact -> /home -> /home -> /faq,1
/products -> /services -> /faq -> /contact -> /home -> /blog -> /services,1
/home -> /blog -> /contact -> /products -> /home -> /services,1
/about -> /blog -> /faq -> /home -> /contact -> /services -> /about,1
/home -> /faq -> /blog -> /faq -> /faq -> /products,1
/home -> /contact -> /blog -> /faq,1
/contact -> /blog -> /blog -> /products,1
/contact -> /about -> /faq -> /blog -> /faq -> /home,1
/faq -> /faq -> /blog -> /home -> /services,1
/home -> /services -> /home,1
/contact -> /services -> /faq -> /services -> /contact,1
/about -> /home -> /products -> /products -> /faq -> /faq -> /products,1
/home -> /home -> /blog -> /services,1
/contact -> /faq -> /faq -> /blog,1
/services -> /services -> /faq -> /about -> /about -> /home,1
/faq -> /contact -> /home,1
/faq -> /home -> /faq -> /products,1
/blog -> /about -> /faq -> /faq -> /home -> /faq,1
/home -> /products -> /products -> /faq -> /about,1
/services -> /blog -> /home -> /products -> /faq,1
/services -> /about -> /blog -> /about -> /contact,1
/about -> /faq -> /products -> /faq -> /services,1
/blog -> /blog -> /contact -> /products -> /about -> /home -> /blog,1
/contact -> /contact -> /faq,1
/faq -> /faq -> /about,1
/faq -> /faq -> /products -> /home -> /faq -> /services,1
/products -> /about -> /about,1
/products -> /home -> /blog,1
/faq -> /contact -> /about -> /blog -> /about -> /services,1
/home -> /home -> /home -> /services -> /contact,1
/blog -> /contact -> /faq -> /products,1
/services -> /contact -> /blog -> /blog,1
/about -> /products -> /services -> /services -> /blog -> /home -> /products,1
/services -> /products -> /blog -> /services -> /services -> /home -> /products,1
/about -> /services -> /home -> /services,1
/faq -> /home -> /services -> /faq -> /services,1
/faq -> /faq -> /blog,1
/services -> /products -> /faq -> /faq -> /blog,1
/contact -> /services -> /products -> /services -> /home -> /products -> /products,1
/products -> /contact -> /products,1
/faq -> /about -> /blog -> /contact -> /products,1
/services -> /faq -> /home -> /home -> /about -> /contact -> /faq,1
/contact -> /home -> /faq -> /blog -> /contact -> /blog,1
/blog -> /services -> /about -> /about,1
/about -> /about -> /faq,1
/contact -> /home -> /home -> /services -> /about -> /contact -> /home,1
/faq -> /contact -> /blog -> /services -> /faq,1
/blog -> /about -> /services -> /blog -> /about,1
/products -> /about -> /products -> /contact -> /products -> /blog,1
/contact -> /about -> /contact -> /faq -> /about,1
/products -> /home -> /services -> /contact,1
/faq -> /home -> /products -> /products,1
/faq -> /faq -> /contact -> /blog -> /contact -> /home,1
/products -> /products -> /blog -> /about -> /about -> /contact,1
/home -> /about -> /faq -> /blog,1
/products -> /about -> /blog -> /products -> /contact,1
/contact -> /services -> /faq -> /blog -> /about -> /faq -> /home,1
/services -> /blog -> /services,1
/blog -> /services -> /home -> /about -> /blog -> /blog,1
/about -> /blog -> /faq -> /home -> /faq,1
/about -> /contact -> /faq -> /blog -> /products -> /faq -> /services,1
/products -> /faq -> /about -> /contact -> /services,1
/home -> /blog -> /faq -> /about,1
/contact -> /contact -> /about -> /about -> /services -> /products,1
/services -> /services -> /services -> /about -> /blog -> /services,1
/products -> /about -> /home -> /products -> /contact -> /about -> /about,1
/about -> /contact -> /products,1
/faq -> /blog -> /about -> /about -> /about,1
/faq -> /contact -> /about -> /blog,1
/services -> /contact -> /about -> /blog -> /contact -> /blog,1
/home -> /contact -> /about,1
/products -> /contact -> /faq -> /about -> /services,1
/faq -> /faq -> /services -> /contact -> /faq -> /products -> /contact,1
/blog -> /blog -> /about -> /about -> /services -> /about -> /products,1
/about -> /services -> /faq -> /about -> /blog -> /services,1
/home -> /contact -> /home -> /contact,1
/blog -> /about -> /services -> /blog -> /contact -> /faq,1
/products -> /contact -> /contact -> /about -> /products -> /about -> /home,1
/faq -> /about -> /home -> /home -> /home -> /blog,1
/home -> /contact -> /faq,1
/products -> /services -> /home -> /faq -> /blog -> /services,1
/products -> /home -> /products -> /home -> /home -> /blog -> /products,1
/blog -> /blog -> /blog -> /faq -> /contact -> /products,1
/faq -> /about -> /home -> /blog -> /faq -> /products,1
/blog -> /contact -> /products -> /blog -> /contact -> /products -> /about,1
/contact -> /services -> /contact,1
/faq -> /blog -> /home -> /services -> /about -> /contact -> /blog,1
/faq -> /contact -> /products -> /products -> /contact -> /services -> /contact,1
/faq -> /faq -> /about -> /products -> /about -> /services -> /about,1
/contact -> /contact -> /services -> /services -> /contact -> /products -> /about,1
/blog -> /products -> /blog -> /faq -> /home,1
/blog -> /services -> /about -> /faq,1
/blog -> /blog -> /contact -> /services -> /services,1
/faq -> /home -> /services -> /home -> /services -> /products,1
/blog -> /products -> /products -> /contact -> /services -> /services,1
/blog -> /blog -> /blog -> /faq,1
/faq -> /products -> /home -> /about -> /products,1
/contact -> /faq -> /contact -> /about,1
/blog -> /contact -> /services -> /products,1
/contact -> /faq -> /products -> /about -> /faq -> /products -> /blog,1
/home -> /blog -> /faq -> /blog -> /contact -> /about,1
/blog -> /faq -> /home -> /faq -> /contact,1
/home -> /home -> /contact -> /about -> /blog -> /contact,1
/products -> /products -> /blog -> /products -> /services -> /about -> /about,1
/contact -> /home -> /contact -> /contact -> /products -> /about -> /products,1
/blog -> /services -> /contact -> /about,1
/blog -> /faq -> /contact -> /home -> /faq -> /services,1
/contact -> /blog -> /products -> /home -> /products -> /services -> /about,1
/home -> /contact -> /faq -> /home -> /faq,1
/about -> /blog -> /services -> /contact,1
/home -> /contact -> /contact -> /faq -> /faq -> /products,1
/about -> /services -> /services -> /products,1
/blog -> /faq -> /blog -> /products,1
/home -> /products -> /blog -> /about -> /products,1
/services -> /about -> /services,1
/home -> /home -> /faq,1
/contact -> /products -> /faq -> /products -> /services,1
/products -> /contact -> /home -> /home -> /products -> /home,1
/contact -> /products -> /blog -> /about,1
/about -> /about -> /blog,1
/home -> /contact -> /about -> /contact -> /faq,1
/faq -> /contact -> /faq -> /contact -> /home,1
/contact -> /services -> /blog -> /products -> /services,1
/about -> /about -> /home -> /services -> /home -> /blog -> /about,1
/services -> /home -> /blog -> /products,1
/faq -> /products -> /faq -> /services,1
/services -> /faq -> /products -> /blog -> /about -> /blog,1
/home -> /blog -> /services,1
/about -> /contact -> /services -> /faq -> /about -> /home,1
/about -> /contact -> /blog -> /products,1
/about -> /about -> /products -> /home -> /products -> /services,1
/blog -> /contact -> /about -> /faq -> /products -> /products,1
/faq -> /contact -> /contact -> /home -> /products -> /products -> /about,1
/about -> /home -> /products -> /blog,1
/contact -> /services -> /products -> /contact -> /faq,1
/contact -> /home -> /contact -> /home,1
/about -> /contact -> /home -> /faq -> /about -> /services -> /services,1
/products -> /home -> /home,1
/blog -> /services -> /about -> /contact -> /faq,1
/products -> /about -> /blog -> /faq,1
/blog -> /services -> /blog -> /blog -> /blog -> /home,1
/products -> /contact -> /home -> /home -> /services -> /blog -> /faq,1
/blog -> /faq -> /products -> /home -> /blog,1
/about -> /home -> /contact -> /services,1
/home -> /faq -> /services -> /faq -> /about -> /contact -> /about,1
/products -> /services -> /contact -> /faq -> /about -> /services -> /home,1
/contact -> /contact -> /blog -> /services -> /home -> /contact,1
/contact -> /services -> /contact -> /services -> /services -> /about,1
/about -> /home -> /products -> /about -> /home -> /home -> /contact,1
/products -> /about -> /services -> /faq -> /blog -> /products,1
/home -> /home -> /about -> /products,1
/blog -> /contact -> /contact -> /blog -> /contact -> /faq -> /about,1
/services -> /services -> /about,1
/about -> /home -> /services -> /blog -> /products,1
/services -> /products -> /faq -> /products -> /home,1
/contact -> /faq -> /services -> /about -> /contact,1
/services -> /contact -> /contact -> /blog -> /products,1
/products -> /home -> /services -> /faq -> /contact -> /home,1
/contact -> /products -> /products -> /faq -> /services -> /contact,1
/contact -> /faq -> /products,1
/about -> /blog -> /home -> /products -> /faq,1
/blog -> /faq -> /about -> /products -> /about,1
/home -> /services -> /about -> /contact -> /products -> /about,1
/faq -> /faq -> /products -> /contact -> /contact,1
/contact -> /home -> /products -> /about -> /blog -> /blog,1
/services -> /faq -> /faq -> /about -> /contact -> /services,1
/home -> /about -> /products -> /faq -> /services -> /faq,1
/home -> /faq -> /blog -> /contact,1
/products -> /faq -> /blog -> /blog -> /contact,1
/contact -> /blog -> /home -> /home -> /blog -> /services,1
/contact -> /blog -> /faq -> /services -> /contact -> /products,1
/home -> /faq -> /services -> /contact,1
/faq -> /about -> /products,1
/services -> /home -> /services -> /contact -> /home -> /contact,1
/blog -> /blog -> /products,1
/blog -> /products -> /about -> /products -> /contact -> /products,1
/blog -> /services -> /contact -> /home -> /about -> /home,1
/about -> /blog -> /contact -> /products,1
/contact -> /products -> /home,1
/faq -> /faq -> /contact -> /contact -> /faq -> /blog -> /about,1
/faq -> /services -> /contact -> /services -> /faq -> /about,1
/faq -> /blog -> /contact -> /faq -> /about -> /faq,1
/contact -> /products -> /home -> /blog -> /about -> /services -> /blog,1
/services -> /blog -> /contact -> /home -> /blog -> /contact -> /faq,1
/home -> /contact -> /faq -> /contact -> /about -> /about,1
/home -> /products -> /services -> /faq -> /home,1
/faq -> /services -> /about -> /products -> /home,1
/products -> /products -> /about -> /faq -> /about,1
/home -> /products -> /contact -> /about -> /blog -> /home -> /faq,1
/about -> /about -> /contact -> /products,1
/contact -> /contact -> /blog -> /faq -> /about -> /home -> /faq,1
/about -> /contact -> /blog -> /contact -> /home,1
/products -> /blog -> /products -> /contact,1
/faq -> /blog -> /services,1
/products -> /faq -> /faq -> /contact -> /faq -> /products,1
/services -> /services -> /products -> /faq,1
/contact -> /products -> /services -> /about -> /blog -> /services,1
/services -> /blog -> /products -> /blog -> /faq,1
/services -> /faq -> /faq -> /products,1
/about -> /home -> /products,1
/services -> /services -> /faq,1
/products -> /contact -> /home -> /blog,1
/services -> /blog -> /services -> /home,1
/faq -> /products -> /services -> /faq,1
/services -> /home -> /services -> /faq -> /about -> /contact -> /products,1
/home -> /services -> /about -> /products -> /blog,1
/products -> /about -> /about -> /contact,1
/blog -> /services -> /faq -> /services -> /home -> /contact,1
/about -> /about -> /products -> /blog -> /faq -> /blog,1
/faq -> /faq -> /products -> /faq,1
/contact -> /faq -> /products -> /services -> /home -> /faq,1
/about -> /about -> /about -> /contact -> /home -> /home -> /home,1
/about -> /home -> /faq -> /about -> /home -> /blog,1
/about -> /contact -> /contact,1
/contact -> /home -> /services -> /services -> /home -> /home,1
/contact -> /about -> /services,1
/contact -> /faq -> /faq -> /products -> /services,1
/home -> /home -> /contact,1
/blog -> /blog -> /services -> /products -> /about,1
/blog -> /faq -> /about -> /faq -> /blog,1
/products -> /contact -> /home -> /services -> /blog -> /about -> /contact,1
/contact -> /blog -> /products -> /blog -> /contact,1
/products -> /about -> /faq,1
/about -> /faq -> /products,1
/home -> /about -> /blog -> /faq -> /faq -> /home -> /contact,1
/blog -> /about -> /contact -> /services -> /home,1
/about -> /blog -> /about -> /blog -> /services -> /faq,1
/contact -> /products -> /services -> /products -> /faq,1
/about -> /blog -> /blog,1
/blog -> /home -> /services -> /contact -> /products -> /services,1
/contact -> /contact -> /faq -> /about -> /contact,1
/blog -> /products -> /home,1
/blog -> /blog -> /blog -> /home,1
/about -> /about -> /services -> /blog -> /products -> /about,1
/contact -> /products -> /contact,1
/blog -> /contact -> /products -> /contact,1
/products -> /contact -> /home -> /products -> /home,1
/blog -> /blog -> /products -> /contact -> /faq,1
/products -> /contact -> /home -> /home -> /about -> /home -> /faq,1
/products -> /faq -> /services -> /services -> /about -> /home,1
/about -> /about -> /services -> /services -> /products,1
/home -> /products -> /contact,1
/contact -> /contact -> /contact -> /home -> /contact,1
/about -> /contact -> /products -> /contact -> /products,1
/about -> /services -> /contact -> /blog,1
/faq -> /contact -> /services -> /faq,1
/contact -> /home -> /products,1
/about -> /contact -> /about -> /about -> /faq -> /contact -> /products,1
/home -> /services -> /services -> /blog -> /services -> /home -> /faq,1
/products -> /faq -> /home -> /faq -> /faq -> /home -> /services,1
/about -> /about -> /blog -> /home,1
/services -> /products -> /products -> /blog -> /faq -> /about,1
/home -> /blog -> /about -> /services -> /home,1
/blog -> /home -> /products -> /products,1
/about -> /home -> /about -> /services -> /contact,1
/services -> /blog -> /faq,1
/blog -> /home -> /products -> /contact,1
/blog -> /products -> /services -> /about -> /blog -> /services,1
/products -> /contact -> /contact -> /contact -> /blog,1
/about -> /faq -> /contact -> /contact -> /products -> /contact,1
/faq -> /contact -> /about -> /services -> /faq -> /blog,1
/home -> /services -> /products -> /products -> /blog -> /services,1
/about -> /services -> /blog -> /about -> /blog -> /home -> /contact,1
/faq -> /contact -> /products -> /about -> /faq -> /home -> /contact,1
/services -> /contact -> /home,1
/home -> /home -> /services -> /about -> /contact -> /faq -> /about,1
/products -> /products -> /contact -> /products -> /faq -> /blog,1
/services -> /contact -> /services -> /products,1
/about -> /contact -> /about -> /faq -> /home -> /blog -> /home,1
/about -> /about -> /home -> /products,1
/home -> /services -> /products -> /home -> /contact,1
/faq -> /about -> /blog -> /services -> /about -> /services -> /contact,1
/faq -> /blog -> /contact,1
/contact -> /products -> /products -> /blog,1
/faq -> /products -> /blog -> /contact -> /about -> /about -> /contact,1
/services -> /home -> /faq -> /about -> /home,1
/home -> /blog -> /about,1
/services -> /contact -> /services,1
/services -> /about -> /about -> /home,1
/faq -> /contact -> /products -> /products -> /blog -> /about -> /services,1
/blog -> /about -> /about -> /services -> /contact -> /blog,1
/faq -> /products -> /home -> /contact -> /blog -> /about -> /products,1
/contact -> /about -> /faq -> /services,1
/home -> /home -> /contact -> /home -> /about -> /faq,1
/services -> /home -> /about -> /blog -> /services,1
/home -> /faq -> /faq -> /products -> /faq -> /contact -> /contact,1
/products -> /about -> /products -> /faq,1
/faq -> /products -> /about -> /services -> /contact -> /contact,1
/services -> /products -> /home,1
/contact -> /products -> /products -> /contact -> /contact -> /faq,1
/faq -> /faq -> /services -> /contact -> /faq,1
/faq -> /faq -> /contact,1
/blog -> /services -> /about -> /home -> /contact -> /services,1
/faq -> /products -> /blog -> /faq,1
